aphiaID,scientificName,n_events
134529,Pyramimonas,20692
115090,Chrysochromulina,19910
106303,Plagioselmis prolonga,18138
110152,Heterocapsa rotundata,16730
106285,Teleaulax,15205
109475,Gymnodinium,14288
109603,Dinophysis acuminata,13248
109392,Gymnodiniales,12064
376667,Skeletonema marinoi,11693
148985,Chaetoceros,11140
160599,Pseudopedinella,10570
156690,Thalassiosira baltica,10475
109394,Peridiniales,10428
495363,Tripos muelleri,10321
109637,Dinophysis norvegica,9608
160567,Aphanizomenon,9181
17640,Cryptomonadales,9132
106310,Hemiselmis virescens,8820
160524,Chaetoceros wighamii,8775
146203,Dinoflagellata,7578
840626,Tripos fusus,7549
149120,Chaetoceros danicus,7240
149074,Skeletonema costatum,6892
985570,Synedra nitzschioides f. nitzschioides,6864
178611,Oocystis,6844
149004,Cylindrotheca closterium,6832
110303,Prorocentrum micans,6738
109545,Scrippsiella,6659
149168,Proboscia alata,6597
146562,Aphanocapsa,6307
1346683,Kryptoperidinium triquetrum,6267
110156,Peridiniella catenata,5929
341285,Centrales,5886
146543,Chroococcales,5711
1310442,Octactis speculum,5696
575737,Binuclearia lauterbornii,5664
19542,Dinophyceae,5476
146585,Anabaena,5476
110208,Protoperidinium bipes,5456
146617,Woronichinia,5327
148912,Thalassiosira,5322
160566,Nodularia spumigena,5164
837459,Tripos lineatus,5140
109553,Protoperidinium,5105
840627,Tripos furca,4976
106282,Cryptomonas,4888
106305,Teleaulax acuta,4638
961694,Cerataulina bergonii,4638
146715,Aphanothece,4563
106306,Teleaulax amphioxeia,4370
985165,Rhizosolenia fragilissima f. fragilissima,4355
17639,Cryptophyceae,4268
160553,Dinobryon faculiferum,4235
177588,Pseudanabaena,4136
160530,Rhizosolenia flaccida,4131
148908,Cyclotella choctawhatcheeana,4112
841259,Tripos longipes,4033
109538,Glenodinium,3985
149114,Rhizosolenia delicatula,3928
110210,Protoperidinium brevipes,3911
110245,Protoperidinium pellucidum,3804
232376,Prorocentrum cordatum,3781
177108,Cyanodictyon,3766
134559,Pyramimonas virginica,3723
109876,Gyrodinium spirale,3513
115061,Prymnesiales,3261
149115,Rhizosolenia setigera,3238
109476,Gyrodinium,3126
163624,Pauliella taeniata,3069
149106,Leptocylindrus danicus,3051
148917,Coscinodiscus,3047
106287,Hemiselmis,3019
163131,Chaetoceros subtilis var. subtilis,2960
110316,Prorocentrum triestinum,2929
233592,Lingulodinium polyedra,2902
109726,Amphidinium crassum,2816
149271,Coscinodiscus granii,2815
149151,Pseudo-nitzschia,2796
149023,Ditylum brightwellii,2785
162770,Actinocyclus octonarius var. octonarius,2700
149150,Nitzschia longissima,2697
149126,Chaetoceros decipiens,2685
146677,Planktolyngbya,2659
177595,Romeria,2601
160552,Dinobryon balticum,2578
163932,Ceratoneis closterium,2548
163016,Chaetoceros ceratosporus var. ceratosporus,2543
109604,Dinophysis acuta,2498
663583,Protodinium simplex,2463
149127,Chaetoceros similis,2440
841260,Tripos macroceros,2436
177138,Lemmermanniella,2427
149308,Thalassiosira levanderi,2412
146545,Merismopedia,2390
148899,Bacillariophyceae,2343
149001,Bacillariales,2320
627627,Merismopedia tranquilla,2318
962003,Chaetoceros septentrionalis,2308
110217,Protoperidinium depressum,2249
178583,Chlamydomonas,2233
156619,Chaetoceros perpusillus,2195
148955,Asterionella glacialis,2174
146546,Merismopedia warmingiana,2171
149153,Pseudo-nitzschia delicatissima,2128
248145,Oocystis submarina,2087
149241,Chaetoceros affinis,2047
110219,Protoperidinium divergens,2003
149152,Pseudo-nitzschia seriata,1995
146603,Oscillatoriales,1973
1380043,Apocalathium malmogiense,1959
248097,Apedinella radians,1942
110223,Protoperidinium granii,1934
149039,Leptocylindrus minimus,1927
110155,Oblea rotunda,1906
156505,Phalacroma rotundatum,1881
106283,Plagioselmis,1875
163063,Chaetoceros holsaticus,1872
109754,Amphidinium sphenoides,1867
163348,Rhizosolenia semispina,1839
110257,Protoperidinium steinii,1835
148971,Coscinodiscophycidae,1835
149045,Nitzschia,1767
248149,Pseudopedinella elastica,1756
109473,Amphidinium,1753
110321,Protoceratium reticulatum,1746
149221,Chaetoceros curvisetus,1736
157258,Dictyocha,1718
1304629,Pennales,1710
148954,Asterionella formosa,1702
156623,Chaetoceros tenuissimus,1691
148931,Thalassiosira nordenskioeldii,1661
109713,Alexandrium pseudogonyaulax,1653
160602,Scenedesmus,1632
966467,Orthosira angulata,1621
624961,Aphanothece paralleliformis,1605
148905,Cyclotella,1595
157240,Dinobryon,1535
233369,Peridiniella danica,1508
149219,Chaetoceros debilis,1504
149228,Chaetoceros laciniosus,1503
341473,Chaetoceros castracanei,1462
802,Chlorophyceae,1415
110007,Amylax triacantha,1394
149028,Fragilaria,1385
109540,Heterocapsa,1334
149158,Coscinodiscus radiatus,1307
109549,Peridinium,1296
732333,Chlamydomonadales,1278
149342,Licmophora,1252
157237,Ochromonadales,1248
248172,Uroglena,1223
149142,Navicula,1222
160600,Pseudopedinella pyriformis,1183
149048,Triceratiales,1145
149123,Chaetoceros socialis,1144
149291,Chaetoceros brevis,1139
149055,Paralia sulcata,1104
156621,Chaetoceros subtilis,1100
163042,Syndendrium diadema,1097
163150,Chaetoceros throndsenii var. throndsenii,1094
148992,Coscinodiscus concinnus,1078
109515,Diplopsalis,1066
160572,Synechococcus,1064
110244,Protoperidinium pallidum,1032
17329,Prasinophyceae,1022
149287,Rhizosolenia minima,1017
109992,Micracanthodinium claytonii,1013
964359,Coscinodiscus angustelineatus,991
149117,Rhizosolenia pungens,979
1368615,Kapelodinium vestifici,952
109993,Micracanthodinium setiferum,940
160588,Koliella,936
110213,Protoperidinium conicum,924
110293,Prorocentrum balticum,923
146576,Merismopedia tenuissima,918
148969,Biddulphia sinensis,905
149124,Chaetoceros borealis,899
148944,Actinocyclus,891
156609,Chaetoceros constrictus,883
149129,Chaetoceros compressus,879
175794,Rhoicosphenia abbreviata,870
149033,Gyrosigma,861
163224,Lauderia confervacea,845
232546,Akashiwo sanguinea,825
109410,Gymnodiniaceae,823
148942,Thalassiosira rotula,811
134566,Pseudoscourfieldia marina,810
149070,Rhizosolenia hebetata,810
149293,Chaetoceros radians,799
109462,Dinophysis,787
160595,Pterosperma,772
106289,Rhodomonas,758
109506,Ceratium,756
233024,Karenia mikimotoi,746
576240,Dictyosphaerium subsolitarium,724
146565,Chroococcus,721
146557,Microcystis,700
157463,Dictyocha fibula,670
148941,Ethmodiscus punctiger,663
109519,Gonyaulax,661
110238,Protoperidinium oblongum,649
163124,Chaetoceros socialis f. socialis,646
149122,Chaetoceros didymus,644
175373,Nitzschia acicularis var. acicularis,629
160590,Monoraphidium,621
149297,Chaetoceros ceratosporus,620
547527,Nematopsides vigilans,611
149629,Rhizosolenia styliformis,606
688227,Heterocapsa arctica subsp. frigida,604
163344,Pseudosolenia calcar-avis,594
976453,Melosira arctica var. arctica,594
370366,Chaetoceros (Hyalochaete),582
176209,Synedra acus var. acus,575
149050,Odontella aurita,569
248103,Botryococcus,568
156689,Porosira glacialis,560
109901,Polykrikos schwartzii,550
110045,Gonyaulax verior,549
175400,Nitzschia frigida,547
149075,Skeletonema subsalsum,528
163108,Kirchneriella,521
148919,Thalassiosira decipiens,515
149186,Synedra,508
248137,Mougeotia,503
577724,Phacotus,501
110241,Protoperidinium ovatum,498
109854,Gyrodinium flagellare,493
149116,Rhizosolenia imbricata,491
149069,Rhizosolenia,490
341484,Coscinodiscus oculus-iridis,490
146573,Coelosphaerium,489
146558,Microcystis aeruginosa,485
233776,Chattonella,479
109856,Gyrodinium fusiforme,478
163646,Entomoneis paludosa,478
149131,Eucampia zodiacus,477
291417,Paraphysomonas,476
233619,Heterocapsa minima,469
160528,Pseudo-nitzschia pungens,465
149121,Chaetoceros densus,452
149191,Achnanthes,447
149042,Melosira,432
163030,Phaeoceros,431
621601,Pseudopediastrum boryanum,425
176254,Synedra ulna var. ulna,422
248151,Rhodomonas lacustris,409
134545,Cymbomonas tetramitiformis,405
148959,Aulacoseira,405
160569,Coelomoron pusillum,404
233037,Karlodinium veneficum,399
418547,Melosira moniliformis,397
134526,Tetraselmis,394
707720,Cyanodictyon balticum,393
149623,Chaetoceros contortus,389
134563,Mantoniella squamata,385
149102,Thalassiosira gravida,375
149200,Amphora,368
418510,Chaetoceros neogracile,368
110214,Protoperidinium crassipes,367
110041,Gonyaulax spinifera,365
1321853,Scrippsiella acuminata,360
172418,Fragilariopsis cylindrus,359
109470,Alexandrium,357
163197,Cyclotella hakanssoniae,357
156611,Chaetoceros convolutus,353
156636,Melosira lineata,346
177572,Planktolyngbya contorta,343
578476,Dolichospermum,343
110001,Diplopsalis lenticula,342
163143,Miraltia throndsenii,338
391330,Ceratium tripos subsp. balticum,334
841182,Tripos arietinus,333
148922,Thalassiosira eccentrica,328
109712,Alexandrium ostenfeldii,318
249725,Ochromonas,314
175326,Navicula vanhoeffenii,313
164116,Odontella mobiliensis,308
246605,Pseudo-nitzschia calliantha,305
160585,Heterosigma akashiwo,302
109921,Noctiluca scintillans,301
248110,Chrysococcus,301
610934,Tetrastrum staurogeniiforme,301
115104,Emiliania huxleyi,299
148961,Aulacoseira granulata,298
149135,Lauderia annulata,297
503615,Gymnodinium parvum,297
146647,Aphanocapsa holsatica,296
162803,Eupodiscus tenellus,296
109477,Katodinium,294
232598,Pyrophacus horologium,292
134524,Nephroselmis,291
163112,Chaetoceros radicans,289
17666,Chlorodendrales,286
109705,Fragilidium subglobosum,279
156607,Chaetoceros concavicornis,278
699619,Anathece clathrata,276
146551,Planktothrix,272
160563,Prymnesium,271
149294,Chaetoceros simplex,263
614618,Preperidinium meunieri,260
146230,Chrysophyceae,256
149222,Chaetoceros pseudocrinitus,254
177635,Anabaena baltica,254
156632,Coscinodiscus wailesii,253
146537,Cyanobacteria,252
157083,Thalassiothrix longissima,251
232765,Gymnodinium galeatum,246
367250,Carteria,244
160092,Diatoma tenue,243
670030,Prymnesium polylepis,243
109889,Torodinium robustum,240
146570,Gomphosphaeria,239
109800,Gymnodinium gracile,237
109741,Amphidinium longum,234
162810,Actinocyclus senarius,231
249713,Desmodesmus maximus,230
149125,Chaetoceros teres,228
478557,Cosmarium,226
149648,Aulacoseira islandica,224
103987,Bicosoeca,223
110215,Protoperidinium curtipes,218
573933,Helicopedinella tricostata,218
232880,Gymnodinium verruculosum,216
345489,Nannochloropsis,216
163346,Rhizosolenia calcar-avis,213
149181,Pleurosigma,211
109433,Peridiniaceae,208
156617,Chaetoceros lorenzianus,207
175319,Navicula transitans var. transitans,206
162934,Tetrastrum,203
163474,Kephyrion,202
248096,Apedinella,200
249711,Desmodesmus,199
162725,Closterium,198
146596,Trochiscia,197
149236,Cerataulina,195
163196,Cyclotella caspia,193
841287,Durinskia dybowskii,192
148989,Cocconeis,191
613622,Quadricoccus euryhalinicus,190
464444,Attheya longicornis,189
106281,Chroomonas,188
110154,Kryptoperidinium foliaceum,187
157061,Tabularia fasciculata,185
968805,Rhizosolenia fragillissima,184
134546,Halosphaera viridis,183
175584,Phaeodactylum tricornutum,183
232703,Lessardia elongata,182
975815,Navicula interrupta var. interrupta,181
172614,Licmophora gracilis var. gracilis,177
109826,Gymnodinium rhomboides,176
109566,Prorocentrum,174
149018,Diploneis,172
345481,Lepidodinium chlorophorum,172
626298,Biecheleria halophila,170
109479,Torodinium,162
248113,Cryptomonas pelagica,162
146549,Oscillatoria,161
115126,Chrysochromulina parkeae,160
115106,Phaeocystis pouchetii,159
232778,Gymnodinium heterostriatum,159
531445,Pseudochattonella,159
248171,Tetraselmis cordiformis,158
254440,Koliella spiralis,158
163098,Chaetoceros muelleri,156
177506,Limnothrix,156
146590,Anabaenopsis,155
109899,Polykrikos kofoidii,153
531467,Pseudochattonella farcimen,152
978224,Rhizosolenia longiseta var. longiseta,152
109714,Alexandrium tamarense,148
160584,Heterosigma,147
109616,Dinophysis dens,146
156548,Pseudo-nitzschia pseudodelicatissima,146
1307640,Bacterosira constricta,146
162728,Staurastrum,145
977537,Pinnularia directa var. directa,141
115057,Prymnesiophyceae,140
156598,Entomoneis,137
572035,Elakatothrix,137
635472,Melosira discigera,136
110015,Gonyaulax digitale,135
163110,Raphidocelis,135
177121,Cyanonephron,135
149288,Chaetoceros atlanticus,134
146578,Merismopedia glauca,133
155554,Cryptomonas ovata,133
391319,Trochiscia clevei,132
106314,Rhodomonas marina,131
146560,Microcystis flos-aquae,129
549205,Lennoxia faveolata,127
115088,Phaeocystis,126
146542,Cyanophyceae,126
149538,Cymbella,126
175321,Navicula transitans var. derasa f. delicatula,126
162673,Aphanocapsa reinboldii,125
149631,Stephanopyxis turris,124
134564,Micromonas pusilla,123
163728,Vibrio paxillifer,123
146690,Phormidium,122
345524,Spiniferomonas,121
149060,Podosira stelligera,120
162715,Planctonema,120
249721,Mallomonas,117
148945,Actinocyclus normanii,114
149320,Navicula transitans,113
156692,Nodularia,113
134534,Pseudoscourfieldia,112
232859,Gymnodinium roseostigma,112
149338,Grammatophora marina,110
160594,Pachysphaera,109
178623,Dictyosphaerium,106
176294,Tabularia tabulata,104
109851,Gyrodinium dominans,103
149073,Skeletonema,103
345882,Pterosperma moebii,102
963135,Melosira italica,102
149159,Coscinodiscus centralis,97
172385,Fragilaria capucina var. capucina,96
109425,Cladopyxidaceae,95
149046,Nitzschia acicularis,94
149084,Surirella,92
391509,Azadinium spinosum,92
1380403,Speroidium fungiforme,91
163243,Eucampia striata,90
163191,Coscinodiscus subbulliens,88
163451,Coscinodiscus polychordus,88
177482,Synechocystis,88
156511,Ceratium hirundinella,86
601289,Choricystis,85
232716,Gymnodinium aureolum,84
547544,Rhizosolenia setigera f. pungens,84
148934,Thalassiosira pseudonana,83
110325,Dissodinium pseudolunula,81
985162,Rhizosolenia eriensis f. eriensis,80
148925,Thalassiosira minima,78
155555,Cryptomonas erosa,76
175320,Navicula transitans var. derasa,76
109903,Pronoctiluca pelagica,74
110212,Protoperidinium conicoides,74
163026,Chaetoceros coronatus,73
109902,Oxyrrhis marina,72
110247,Protoperidinium pentagonum,72
110259,Protoperidinium subinerme,72
409696,Peridinium divergens var. levanderi,72
571649,Glenodinium pilula,72
106295,Chroomonas vectensis,70
109528,Oxytoxum,70
160529,Nitzschia pungens,70
163048,Chaetoceros didymus var. didymus,70
163118,Chaetoceros seiracanthus,70
992758,Aduncodinium glandula,70
824,Ulotrichales,69
149013,Diatoma,68
146168,Cryptaulax marina,67
573470,Fragilaria unipunctata,66
109474,Cochlodinium,63
110240,Protoperidinium oceanicum,63
160582,Chattonellales,63
109610,Dinophysis baltica,62
149343,Licmophora gracilis,62
648841,Rhodomonas pygmaea,62
109485,Polykrikos,61
149376,Cocconeis scutellum,61
178594,Synura,61
110249,Protoperidinium pyriforme,60
163019,Chaetoceros circinalis,60
172799,Navicula gregaria,60
248129,Meringosphaera mediterranea,60
640124,Kephyrion inconstans,60
531446,Pseudochattonella verruculosa,58
160550,Coelastrum,57
494102,Oltmannsiellopsis,57
109852,Gyrodinium estuariale,55
149524,Amphora ovalis,55
163015,Chaetoceros simplex var. calcitrans,55
1296717,Staurosira inflata,55
1382182,Lebouridinium glaucum,55
109767,Cochlodinium helix,54
110248,Protoperidinium punctulatum,54
146566,Chroococcus turgidus,54
146645,Snowella lacustris,54
178595,Synura uvella,54
248138,Nitzschia cylindrus,53
22970,Klebsormidiales,52
149079,Stephanodiscus,52
163873,Cocconeis placentula var. placentula,52
1322477,Cerataulus granulata,52
233870,Oxytoxum gracile,51
248153,Rhodomonas lens,51
975029,Coscinodiscus stellaris var. stellaris,51
978832,Synedra berolinensis var. berolinensis,51
109711,Alexandrium minutum,50
375676,Pedinella hexacostata,50
662632,Pinnularia didyma,50
837255,Chrysotila carterae,50
984183,Melosira granulata f. angustissima,50
110291,Prorocentrum aporum,49
157062,Licmophora abbreviata,49
249704,Aphanothece parallelliformis,49
578226,Mychonastes elegans,49
163862,Protoperidinium claudicans,48
149118,Bacteriastrum,47
391508,Azadinium,47
160561,Pediastrum,46
148967,Biddulphia,45
149318,Nitzschia delicatissima,45
160520,Attheya decora,45
149171,Chaetoceros crinitus,44
840689,Levanderina fissa,44
109510,Micracanthodinium,43
149094,Odontella regia,43
160521,Chaetoceros eibenii,43
232968,Protoperidinium roseum,43
418136,Gonyaulax digitalis,43
162772,Eupodiscus crassus,42
177426,Pannus,41
160513,Pyramimonas longicauda,40
160523,Chaetoceros lauderi,40
160548,Calycomonas,40
172535,Ceratoneis fasciola,40
232110,Dicroerisma psilonereiella,40
600814,Didymocystis,40
18526,Volvocales,39
110234,Protoperidinium mite,39
163880,Cocconeis scutellum var. scutellum,39
178185,Chaetoceros peruvianus,39
134541,Nephroselmis pyriformis,38
341343,Polytoma,38
418221,Pseudo-nitzschia subfraudulenta,38
979879,Synedra delicatissima var. mesoleia,37
109543,Peridiniella,36
110260,Protoperidinium thorianum,36
148915,Coscinodiscales,36
160522,Chaetoceros externus,36
163226,Lauderia pumila,36
149292,Chaetoceros anastomosans,35
155560,Diplopsalopsis bomba,35
160519,Attheya,35
175743,Nitzschia pseudodelicatissima,35
176272,Tabellaria fenestrata var. asterionelloides,35
708293,Gyrosigma tenuirostrum,35
235922,Braarudosphaera bigelowii,34
162749,Protoperidinium cerasus,33
175930,Staurosira construens var. construens,33
109468,Fragilidium,32
149333,Tabellaria,32
163922,Ctenophora pulchella,32
623645,Gymnodinium corollarium,32
149208,Pinnularia,30
157072,Rhabdonema,30
172818,Polyasterias problematica,30
134535,Scourfieldia,29
146541,Spirulina,29
149119,Bacteriastrum hyalinum,29
149182,Pleurosigma normanii,29
175322,Vibrio tripunctatus,29
175432,Nitzschia palea var. palea,29
177484,Woronichinia compacta,29
179368,Melosira tenuissima,29
146538,Lyngbya,28
163261,Lauderia mediterranea,28
163487,Thalassiosira guillardii,28
668847,Micropodiscus weissflogii,28
1305343,Peridinium quadridentatum,28
109723,Amphidinium carterae,27
149100,Thalassiosira hyalina,27
235825,Pleurochrysis,27
577719,Erkenia,27
614620,Protoperidinium marielebouriae,27
134528,Halosphaera,26
134550,Pyramimonas subg. Trichocystis grossii,26
146547,Nostocales,26
149553,Gomphonema,26
156631,Coscinodiscus normanii,26
178924,Gloeocystis,26
162740,Ollicola vangoorii,25
345830,Pterosperma dictyon,25
494309,Uronema,25
577553,Dinobryon suecicum,25
163655,Amphora commutata,24
660753,Spirulina subsalsa,24
157252,Dinobryon sertularia,23
231887,Rhizosolenia indica,23
235802,Acanthoica quattrospina,23
248133,Monas,23
345881,Pterosperma vanhoeffenii,23
622459,Pseudostaurosira parasitica,23
699623,Haptolina hirta,23
144302,Tribonema,22
149220,Asterionella japonica,22
555264,Thalassiosira delicatula,22
961873,Chaetoceros pseudobrevis,22
109638,Dinophysis odiosa,21
149472,Navicula palpebralis,21
176213,Synedra delicatissima var. angustissima,21
416885,Chlorhormidium,21
495333,Pyramimonas disomata,21
841190,Tripos bucephalus,21
801,Chlorophyta,20
149092,Thalassionema,20
149099,Thalassiosira antarctica,20
149203,Navicula cryptocephala,20
162693,Zygnematales,20
178617,Crucigenia,20
625408,Dolichospermum sigmoideum,20
146167,Cryptaulax,19
149233,Lauderia borealis,19
149322,Lithodesmium undulatum,19
149335,Grammatophora,19
232516,Mesoporos perforatus,19
246606,Pseudo-nitzschia fraudulenta,19
978783,Synedra actinastroides var. actinastroides,19
149616,Campylodiscus,18
163288,Zygoceros rhombus,18
969455,Coscinodiscus lacustris var. pelagica,18
110216,Protoperidinium denticulatum,17
144442,Bonnemaisonia hamifera,17
149038,Leptocylindrus,17
249731,Pavlova,17
418624,Diatoma vulgaris,17
624065,Halamphora coffeaeformis,17
109717,Actiniscus pentasterias,16
109920,Kofoidinium velleloides,16
149170,Triceratium favus,16
162741,Pseudokephyrion,16
172469,Pteromonas,16
178609,Lagerheimia,16
571999,Chrysolykos,16
624607,Archaeperidinium minutum,16
106292,Chroomonas baltica,15
109492,Woloszynskia,15
109923,Spatulodinium pseudonoctiluca,15
110229,Protoperidinium leonis,15
249689,Chromulina,15
366598,Geitlerinema,15
451665,Komma caudata,15
657648,Nodularia baltica,15
109925,Pentapharsodinium dalei,14
134532,Mantoniella,14
149165,Rhizosolenia shrubsolei,14
160568,Coelomoron,14
975336,Guinardia blavyana var. blavyana,14
109542,Oblea,13
148990,Cocconeis placentula,13
163990,Diatoma constricta,13
178207,Chaetoceros neogracilis,13
178438,Calothrix pulvinata,13
370000,Pedinomonas,13
840472,Willea rectangularis,13
961745,Chaetoceros anglicus,13
110149,Glenodinium paululum,12
144287,Ulothrix,12
148947,Actinoptychus,12
149066,Rhaphoneis amphiceros,12
149630,Stephanopyxis,12
164110,Bacteriastrum furcatum,12
175582,Phaeodactylum,12
177158,Merismopedia elegans,12
180410,Mastogloia smithii var. smithii,12
577723,Oedogonium,12
608602,Oocystis naegelii,12
106297,Cryptomonas baltica,11
149140,Amphiprora,11
149148,Bacillaria,11
156586,Pleurosigma strigosum,11
233857,Oxytoxum criophilum,11
246832,Tetraspora,11
572042,Gyromitus,11
985653,Triceratium alternans f. alternans,11
109571,Pyrocystis,10
109627,Dinophysis hastata,10
109777,Gymnodinium abbreviatum,10
143947,Coccomyxa,10
149061,Hyalodiscus,10
149306,Bellerochea malleus,10
149444,Navicula rhynchocephala,10
160564,Prymnesium parvum,10
163489,Ankistrodesmus,10
177428,Pannus spumosus,10
231788,Karenia,10
232161,Dinophysis arctica,10
248148,Pedinella,10
254439,Closterium acutum subsp. acutum,10
601058,Siderocelis,10
679262,Chaetoceros distans var. subsecunda,10
109509,Cladopyxis,9
115075,Meringosphaera,9
115129,Chrysochromulina spinifera,9
149324,Biddulphia rhombus,9
156509,Ceratium arcticum,9
163054,Chaetoceros didymus var. protuberans,9
163645,Entomoneis ornata,9
248119,Epipyxis,9
567048,Commation,9
601613,Eutetramorus,9
615516,Sclerodinium calyptroglyphe,9
984107,Cyclotella comta f. radiosa,9
103990,Pseudobodo,8
109718,Amphidinium acutissimum,8
146616,Gomphosphaerioideae,8
146714,Anabaena torulosa,8
149026,Epithemia,8
149339,Grammatophora oceanica,8
149622,Chaetoceros cinctus,8
156568,Pinnularia distans,8
156644,Rhizosolenia faeroensis,8
464448,Bellerochea polymorpha,8
572067,Paramastix conifera,8
573582,Rhizosolenia phuketensis,8
641580,Plagioselmis lacustris,8
109487,Pronoctiluca,7
109819,Gymnodinium ostenfeldii,7
110035,Gonyaulax polygramma,7
110300,Prorocentrum gracile,7
148953,Asterionella,7
148963,Odontella,7
163934,Protoperidinium curvipes,7
178734,Chlorogonium,7
345461,Chrysamoeba,7
409591,Coelastrum cambricum,7
577680,Staurodesmus,7
600926,Goniochloris,7
601042,Dichotomococcus,7
602895,Granulocystis,7
623339,Protoperidinium bolmonense,7
109490,Nematodinium,6
109491,Warnowia,6
109544,Peridiniopsis,6
109766,Cochlodinium helicoides,6
109859,Gyrodinium lachryma,6
110220,Protoperidinium excentricum,6
110301,Prorocentrum lima,6
149072,Skeletonemaceae,6
149224,Rhizosolenia stolterfothii,6
149453,Navicula radiosa,6
156613,Chaetoceros ingolfianus,6
157076,Rhabdonema arcuatum,6
163388,Eupodiscus tesselatus,6
164053,Pyrocystis lunula,6
178946,Quadrigula,6
180213,Synedra crotonensis,6
180420,Meridion circulare var. circulare,6
196830,Cystodinium,6
233620,Heterocapsa niei,6
345485,Mediopyxis helysia,6
391216,Trochiscia dictyon,6
558965,Sphaeropleales,6
577860,Gloeotila,6
1340355,Coronia undulata,6
104003,Bicosoeca planctonica,5
104015,Pseudobodo tremulans,5
109555,Pyrophacus,5
109791,Gymnodinium elongatum,5
110039,Gonyaulax scrippsae,5
134527,Cymbomonas,5
137284,Chrysosphaerella,5
144193,Stichococcus,5
149110,Corethron criophilum,5
149232,Navicula membranacea,5
149402,Eunotia,5
149566,Rhopalodia gibba,5
156533,Achnanthes longipes,5
157059,Tabularia,5
157084,Lyngbya aestuarii,5
157430,Eucampia groenlandica,5
160597,Pedinellales,5
175965,Staurosirella pinnata var. pinnata,5
177518,Oscillatoria sancta,5
232921,Protoperidinium globulus,5
233632,Oblea baculifera,5
345375,Ceratium tripos var. atlanticum,5
547692,Pyramimonas orientalis,5
576265,Gymnodinium wulffii,5
577667,Euastrum,5
578239,Monomastix,5
602721,Prochlorothrix,5
668985,Pinnularia ovalis,5
841263,Tripos minutus,5
978230,Rhizosolenia robusta var. robusta,5
985896,Pleurosigma strigilis f. strigilis,5
109662,Dinophysis tripos,4
115128,Chrysochromulina pringsheimii,4
134533,Micromonas,4
146544,Chroococcaceae,4
146602,Gloeocapsa,4
148956,Asterionella kariana,4
148980,Porosira,4
149266,Coscinodiscus curvatulus,4
149289,Chaetoceros costatus,4
149488,Caloneis,4
149493,Gyrosigma balticum,4
157053,Mastogloia smithii,4
157440,Helicotheca tamesis,4
160617,Achnanthes brevipes var. brevipes,4
163161,Chaetoceros tortissimus,4
176158,Gomphonema olivaceum var. olivaceum,4
176420,Tryblionella levidensis,4
370367,Chaetoceros (Phaeoceros),4
410033,Stichogloea,4
549221,Thalassiosira conferta,4
573589,Rhizosolenia tenuijuncta,4
577885,Parapediastrum biradiatum,4
611643,Frustulia ventricosa,4
624976,Haptolina ericina,4
641230,Cryptomonas kielensis,4
671914,Synedra rumpens var. rumpens,4
675363,Desmodesmus armatus var. longispina,4
689514,Protoperidinium pyriforme subsp. breve,4
708521,Bicosoeca planctonica var. multiannulata,4
1322474,Ralfsiella minima,4
109532,Cachonina,3
109844,Gyrodinium calyptoglyphe,3
109890,Torodinium teredo,3
110139,Diplopsalopsis orbicularis,3
110228,Protoperidinium laticeps,3
110314,Prorocentrum scutellum,3
143996,Cladophora,3
146618,Woronichinia naegeliana,3
148991,Coscinodiscus commutatus,3
149111,Guinardia,3
149313,Fragilariopsis,3
149340,Grammatophora serpentina,3
149551,Cymbella aspera,3
157074,Rhabdonema adriaticum,3
157081,Thalassiothrix,3
160589,Oocystaceae,3
162518,Corymbellus,3
163209,Cyclotella meneghiniana f. plana,3
163648,Amphiprora paludosa var. subsalina,3
172292,Epithemia turgida var. turgida,3
172402,Fragilaria istvanffyi,3
172495,Ceratium tripos var. lineatum,3
172725,Navicula peregrina var. peregrina,3
177161,Microcrocis,3
177949,Caloneis amphisbaena var. subsalina,3
178126,Cerataulus radiatus,3
178477,Nodularia harveyana,3
232625,Podolampas palmipes,3
248164,Schroederia,3
341501,Proboscia inermis,3
547469,Gymnodinium venator,3
572043,Gyromitus cordiformis,3
576225,Coenochloris,3
577837,Franceia,3
603183,Acutodesmus,3
615467,Chrysochromulina birgeri,3
617005,Chloromonas angustissima,3
695320,Diatoma vulgaris var. vulgaris,3
707927,Vicicitus globosus,3
985254,Schizonema cruciger f. cruciger,3
1290546,Lindavia praetermissa,3
18608,Chaetophorales,2
106316,Rhodomonas salina,2
109396,Prorocentrales,2
109499,Kofoidinium,2
109504,Pentapharsodinium,2
109518,Amylax,2
109537,Diplopsalopsis,2
109559,Goniodoma,2
109843,Gyrodinium britannicum,2
110115,Oxytoxum scolopax,2
134542,Nephroselmis rotunda,2
149003,Cylindrotheca,2
149065,Rhaphoneis,2
149103,Thalassiosira leptopus,2
149109,Corethron,2
149147,Trachyneis aspera,2
149311,Rhizosolenia robusta,2
149364,Fragilaria construens,2
149387,Achnanthes brevipes,2
149614,Surirella striatula,2
157257,Dictyochaceae,2
157458,Fragilaria striatula,2
160538,Phaeocystis globosa,2
162529,Gymnodinium arcticum,2
162834,Tripodiscus argus,2
162930,Coscinodiscus bathyomphalus,2
163268,Conferva,2
163497,Coscinodiscus lacunosus,2
163816,Campylodiscus clypeus,2
164108,Bacteriastrum delicatulum,2
172822,Navicula lesmonensis,2
172836,Navicula pelagica,2
175913,Stauroneis spicula,2
175974,Stenopterobia,2
176362,Asterionella frauenfeldii,2
178597,Coccolithaceae,2
179785,Dactyliosolen antarcticus,2
231789,Karlodinium,2
233754,Corythodinium curvicaudatum,2
239061,Anabaena oscillarioides,2
248109,Chrysidiastrum,2
393172,Nostoc,2
394627,Chara connivens,2
409607,Dinobryon stipitatum,2
422904,Tribonema affine,2
447730,Bellerochea horologicalis,2
447738,Hippodonta,2
450723,Lennoxia,2
456714,Pelagocystis oceanica,2
573437,Coscinodiscus sol,2
573660,Thalassiothrix elongata,2
573909,Monochrysis,2
576230,Coenocystis,2
577877,Pandorina morum,2
578354,Nephrocytium,2
600769,Chloromonas,2
601168,Vitreochlamys,2
603288,Anathece,2
621740,Chaetoceros salsugineum,2
624948,Fragilaria nanana,2
626297,Biecheleria baltica,2
844891,Coronia echeneis,2
846758,Amylax triacantha var. buxus,2
979620,Eupodiscus ralfsii var. ralfsii,2
983458,Fragilaria virescens f. virescens,2
983464,Fragilaria oceanica f. oceanica,2
1311147,Raphidonema planctonicum,2
1313613,Anagnostidinema amphibium,2
22577,Chilomonas,1
109480,Hemidinium,1
109535,Diplopelta,1
109550,Podolampas,1
109762,Cochlodinium brandtii,1
109770,Cochlodinium pellucidum,1
109773,Cochlodinium pupa,1
109825,Gymnodinium pygmaeum,1
109834,Gymnodinium uberrimum,1
109835,Gymnodinium variabile,1
109849,Gyrodinium crassum,1
109907,Nematodinium armatum,1
110063,Heterodinium murrayi,1
110250,Protoperidinium quarnerense,1
115109,Chrysochromulina alifera,1
144714,Dasya baillouviana,1
146624,Calothrix,1
146640,Cylindrospermum,1
146994,Leptolyngbya,1
148902,Bacillariophycidae,1
148933,Thalassiosira proschkinae,1
149007,Cymatopleura,1
149011,Cymatosira,1
149068,Rhizosoleniaceae,1
149077,Stauroneis,1
149130,Eucampia,1
149134,Lauderia,1
149183,Pleurosigma angulatum,1
149285,Detonula,1
149314,Plagiogramma,1
149459,Navicula digitoradiata,1
149503,Pleurosigma elongatum,1
149624,Chaetoceros furcellatus,1
156629,Coscinodiscus marginatus,1
156635,Melosira hyperborea,1
157428,Entomoneis alata,1
157453,Urosolenia,1
160542,Actinastrum,1
160581,Raphidophyceae,1
162519,Corymbellus aureus,1
162667,Aphanocapsa grevillei,1
162683,Aphanothece castagnei,1
163001,Chaetoceros baculites,1
163229,Lauderia schroederi,1
163392,Microsiphona potamos,1
163478,Micractinium,1
163682,Aneumastus tusculus,1
164000,Diatoma moniliformis,1
164093,Golenkinia,1
172289,Navicula turgida,1
172302,Eunotia arcus var. arcus,1
175334,Navicula viridula var. viridula,1
176162,Sphenella parvula,1
176342,Tetracyclus,1
177434,Rhabdoderma,1
177574,Planktolyngbya lacustris,1
177604,Trichodesmium,1
178589,Dunaliella,1
178598,Coccolithus,1
178928,Chlamydocapsa,1
178949,TetraÃ«dron,1
179596,Corethron hystrix,1
196817,Nitzschia sigma subsp. rigida,1
231799,Lingulodinium,1
232869,Gymnodinium stellatum,1
232901,Gyrodinium aciculatum,1
232922,Gyrodinium corallinum,1
233144,Warnowia polyphemus,1
233154,Warnowia rosea,1
233390,Protoperidinium decipiens,1
233531,Gonyaulax helensis,1
233761,Fibrocapsa japonica,1
248075,Toxarium undulatum,1
248111,Chrysococcus rufescens,1
248123,Glenodinium warmingii,1
292672,Fucus distichus subsp. evanescens,1
345438,Calycomonas gracilis,1
369319,Actinomonas,1
369698,Gonyostomum,1
376081,Pterosperma cristatum,1
409629,Gloeotrichia,1
450619,Minutocellus,1
478556,Pseudo-nitzschia americana,1
572079,Ankyra,1
572081,Selenastrum,1
573782,Pyrocystis pseudonoctiluca,1
577869,Lobocystis,1
578225,Mychonastes,1
600813,Diplochloris,1
600844,Penium,1
601009,Stipitococcus,1
601030,Lobomonas,1
601041,Desmatractum,1
617736,Fragilaria gaillonii,1
628060,Bicoeca cylindrica,1
651487,Crucigenia smithii,1
656218,Kephyrion hemisphaericum,1
668848,Eupodiscus weissflogii,1
671778,Biddulphia rhombus var. trigona,1
699393,Stephanodiscus astraea,1
837310,Tripos azoricus,1
841193,Tripos candelabrum,1
841261,Tripos massiliensis,1
978019,Pleurosigma tenuissimum var. tenuissimum,1
983570,Coscinodiscus lacustris f. lacustris,1
983847,Navicula elliptica f. elliptica,1
984402,Navicula subsalina f. subsalina,1
1304620,Amylax triacantha var. triacantha,1
1416123,Tetradesmus lagerheimii var. tetradesmoides,1
